requested_url,status,final_url,redirect_chain,canonical,title,depth,content_type
https://www.mariachisenciudaddemexico.com/,200,https://www.mariachisenciudaddemexico.com/,,https://www.mariachisenciudaddemexico.com/,MARIACHI PROFESIONAL ECONÓMICO EN CDMX Email,0,text/html; charset=UTF-8
https://www.mariachisenciudaddemexico.com,200,https://www.mariachisenciudaddemexico.com,,https://www.mariachisenciudaddemexico.com/,MARIACHI PROFESIONAL ECONÓMICO EN CDMX Email,1,text/html; charset=UTF-8
https://www.mariachisenciudaddemexico.com/paquetes/,200,https://www.mariachisenciudaddemexico.com/paquetes/,,https://www.mariachisenciudaddemexico.com/paquetes/,Promociones y paquetes: Servicio de mariachi pago con tarjeta Email,1,text/html; charset=UTF-8
https://www.mariachisenciudaddemexico.com/acerca-de/,200,https://www.mariachisenciudaddemexico.com/acerca-de/,,https://www.mariachisenciudaddemexico.com/acerca-de/,Acerca de – MARIACHI PROFESIONAL ECONÓMICO EN CDMX Email,1,text/html; charset=UTF-8
https://www.mariachisenciudaddemexico.com/acerca-de/historia/,200,https://www.mariachisenciudaddemexico.com/acerca-de/historia/,,https://www.mariachisenciudaddemexico.com/acerca-de/historia/,Historia – MARIACHI PROFESIONAL ECONÓMICO EN CDMX Email,1,text/html; charset=UTF-8
https://www.mariachisenciudaddemexico.com/acerca-de/aviso-de-privacidad/,200,https://www.mariachisenciudaddemexico.com/acerca-de/aviso-de-privacidad/,,,Aviso de Privacidad – MARIACHI PROFESIONAL ECONÓMICO EN CDMX Email,1,text/html; charset=UTF-8
https://www.mariachisenciudaddemexico.com/acerca-de/politica-de-devoluciones/,200,https://www.mariachisenciudaddemexico.com/acerca-de/politica-de-devoluciones/,,,Política de Devoluciones – MARIACHI PROFESIONAL ECONÓMICO EN CDMX Email,1,text/html; charset=UTF-8
https://www.mariachisenciudaddemexico.com/acerca-de/terminos-y-condiciones/,200,https://www.mariachisenciudaddemexico.com/acerca-de/terminos-y-condiciones/,,,Términos y Condiciones – MARIACHI PROFESIONAL ECONÓMICO EN CDMX Email,1,text/html; charset=UTF-8
https://www.mariachisenciudaddemexico.com/contacto/,200,https://www.mariachisenciudaddemexico.com/contacto/,,https://www.mariachisenciudaddemexico.com/contacto/,Contacto – MARIACHI PROFESIONAL ECONÓMICO EN CDMX Email,1,text/html; charset=UTF-8
https://mariachisenciudaddemexico.com/acerca-de/,200,https://www.mariachisenciudaddemexico.com/acerca-de/,301:https://www.mariachisenciudaddemexico.com/acerca-de/,https://www.mariachisenciudaddemexico.com/acerca-de/,Acerca de – MARIACHI PROFESIONAL ECONÓMICO EN CDMX Email,1,text/html; charset=UTF-8
https://mariachisenciudaddemexico.com/paquetes/,200,https://www.mariachisenciudaddemexico.com/paquetes/,301:https://www.mariachisenciudaddemexico.com/paquetes/,https://www.mariachisenciudaddemexico.com/paquetes/,Promociones y paquetes: Servicio de mariachi pago con tarjeta Email,1,text/html; charset=UTF-8
https://www.mariachisenciudaddemexico.com/wp-content/uploads/2023/12/Historia-de-un-Amor.png,200,https://www.mariachisenciudaddemexico.com/wp-content/uploads/2023/12/Historia-de-un-Amor.png,,,,1,image/png
https://mariachisenciudaddemexico.com/wp-content/uploads/2021/11/2.png,200,https://mariachisenciudaddemexico.com/wp-content/uploads/2021/11/2.png,,,,1,image/png
https://mariachisenciudaddemexico.com/wp-content/uploads/2021/11/3.png,200,https://mariachisenciudaddemexico.com/wp-content/uploads/2021/11/3.png,,,,1,image/png
https://www.mariachisenciudaddemexico.com/wp-content/uploads/2023/07/2.png,200,https://www.mariachisenciudaddemexico.com/wp-content/uploads/2023/07/2.png,,,,1,image/png
https://www.mariachisenciudaddemexico.com/wp-content/uploads/2023/07/1.png,200,https://www.mariachisenciudaddemexico.com/wp-content/uploads/2023/07/1.png,,,,1,image/png
https://mariachisenciudaddemexico.com/wp-content/uploads/2021/11/4.png,200,https://mariachisenciudaddemexico.com/wp-content/uploads/2021/11/4.png,,,,1,image/png
https://mariachisenciudaddemexico.com/acerca-de/aviso-de-privacidad/,200,https://www.mariachisenciudaddemexico.com/acerca-de/aviso-de-privacidad/,301:https://www.mariachisenciudaddemexico.com/acerca-de/aviso-de-privacidad/,,Aviso de Privacidad – MARIACHI PROFESIONAL ECONÓMICO EN CDMX Email,1,text/html; charset=UTF-8
https://mariachisenciudaddemexico.com/acerca-de/politica-de-devoluciones/,200,https://www.mariachisenciudaddemexico.com/acerca-de/politica-de-devoluciones/,301:https://www.mariachisenciudaddemexico.com/acerca-de/politica-de-devoluciones/,,Política de Devoluciones – MARIACHI PROFESIONAL ECONÓMICO EN CDMX Email,1,text/html; charset=UTF-8
https://mariachisenciudaddemexico.com/acerca-de/terminos-y-condiciones/,200,https://www.mariachisenciudaddemexico.com/acerca-de/terminos-y-condiciones/,301:https://www.mariachisenciudaddemexico.com/acerca-de/terminos-y-condiciones/,,Términos y Condiciones – MARIACHI PROFESIONAL ECONÓMICO EN CDMX Email,1,text/html; charset=UTF-8
https://mariachisenciudaddemexico.com/contacto/,200,https://www.mariachisenciudaddemexico.com/contacto/,301:https://www.mariachisenciudaddemexico.com/contacto/,https://www.mariachisenciudaddemexico.com/contacto/,Contacto – MARIACHI PROFESIONAL ECONÓMICO EN CDMX Email,2,text/html; charset=UTF-8
